sample-id,absolute-filepath,direction
370(-)_W_t0A,/home/microbiome/data/iTAGExperiments/Duckweed/DuciTaplate4/Raw_Data/12267.1.247043.CTTGCTGAAGA.fastq.gz,forward
370(-)_W_t0B,/home/microbiome/data/iTAGExperiments/Duckweed/DuciTaplate4/Raw_Data/12267.1.247043.TCTAAGGCACG.fastq.gz,forward
370(-)_t2A,/home/microbiome/data/iTAGExperiments/Duckweed/DuciTaplate4/Raw_Data/12267.1.247043.AGGCGACCTTA.fastq.gz,forward
370(-)_W_t2A,/home/microbiome/data/iTAGExperiments/Duckweed/DuciTaplate4/Raw_Data/12267.1.247043.GGTCCAACTAG.fastq.gz,forward
370(-)_W_t2B,/home/microbiome/data/iTAGExperiments/Duckweed/DuciTaplate4/Raw_Data/12267.1.247043.CTACAATGTCG.fastq.gz,forward
370(-)_SD_t2A,/home/microbiome/data/iTAGExperiments/Duckweed/DuciTaplate4/Raw_Data/12267.1.247043.AACAGGTTCGC.fastq.gz,forward
370(-)_SD_t2B,/home/microbiome/data/iTAGExperiments/Duckweed/DuciTaplate4/Raw_Data/12267.1.247043.ACACGGTGTCT.fastq.gz,forward
370(-)_W_t7C,/home/microbiome/data/iTAGExperiments/Duckweed/DuciTaplate4/Raw_Data/12267.1.247043.GAATCTTCGAG.fastq.gz,forward
370(-)_SD_t7C,/home/microbiome/data/iTAGExperiments/Duckweed/DuciTaplate4/Raw_Data/12267.1.247043.TGAATAGTCCG.fastq.gz,forward
370(1A)_W_t0A,/home/microbiome/data/iTAGExperiments/Duckweed/DuciTaplate4/Raw_Data/12267.1.247043.TTAGCGTCACG.fastq.gz,forward
370(1A)_W_t0B,/home/microbiome/data/iTAGExperiments/Duckweed/DuciTaplate4/Raw_Data/12267.1.247043.ACTGTCGAAGC.fastq.gz,forward
370(1A)_W_t0C,/home/microbiome/data/iTAGExperiments/Duckweed/DuciTaplate4/Raw_Data/12267.1.247043.CTAGTCAGCTG.fastq.gz,forward
370(1A)_t2A,/home/microbiome/data/iTAGExperiments/Duckweed/DuciTaplate4/Raw_Data/12267.1.247043.GTCCGCTGAAT.fastq.gz,forward
370(1A)_t2B,/home/microbiome/data/iTAGExperiments/Duckweed/DuciTaplate4/Raw_Data/12267.1.247043.GAACACTTCTG.fastq.gz,forward
370(1A)_t2C,/home/microbiome/data/iTAGExperiments/Duckweed/DuciTaplate4/Raw_Data/12267.1.247043.TGTCGGCTACA.fastq.gz,forward
370(1A)_W_t2A,/home/microbiome/data/iTAGExperiments/Duckweed/DuciTaplate4/Raw_Data/12267.1.247043.GTAGCAACGTC.fastq.gz,forward
370(1A)_W_t2B,/home/microbiome/data/iTAGExperiments/Duckweed/DuciTaplate4/Raw_Data/12267.1.247043.GCCTTAAGCGA.fastq.gz,forward
370(1A)_W_t2C,/home/microbiome/data/iTAGExperiments/Duckweed/DuciTaplate4/Raw_Data/12267.1.247043.GACTTATAGGC.fastq.gz,forward
370(1A)_SD_t2A,/home/microbiome/data/iTAGExperiments/Duckweed/DuciTaplate4/Raw_Data/12267.1.247043.TTAACGGCTGA.fastq.gz,forward
370(1A)_SD_t2B,/home/microbiome/data/iTAGExperiments/Duckweed/DuciTaplate4/Raw_Data/12267.1.247043.TAGGCCGACTT.fastq.gz,forward
370(1A)_SD_t2C,/home/microbiome/data/iTAGExperiments/Duckweed/DuciTaplate4/Raw_Data/12267.1.247043.TGGCACCGATT.fastq.gz,forward
370(1A)_t7A,/home/microbiome/data/iTAGExperiments/Duckweed/DuciTaplate4/Raw_Data/12267.1.247043.TACCGCTAGTA.fastq.gz,forward
370(1A)_W_t7A,/home/microbiome/data/iTAGExperiments/Duckweed/DuciTaplate4/Raw_Data/12267.1.247043.GATACGTCCTG.fastq.gz,forward
370(1A)_W_t7B,/home/microbiome/data/iTAGExperiments/Duckweed/DuciTaplate4/Raw_Data/12267.1.247043.CATGAGTGCTA.fastq.gz,forward
370(1A)_W_t7C,/home/microbiome/data/iTAGExperiments/Duckweed/DuciTaplate4/Raw_Data/12267.1.247043.ACGCTATCTGG.fastq.gz,forward
370(1A)_SD_t7A,/home/microbiome/data/iTAGExperiments/Duckweed/DuciTaplate4/Raw_Data/12267.1.247043.CTTCTAAGGAG.fastq.gz,forward
370(1A)_SD_t7B,/home/microbiome/data/iTAGExperiments/Duckweed/DuciTaplate4/Raw_Data/12267.1.247043.ATTCATGGACG.fastq.gz,forward
370(1A)_SD_t7C,/home/microbiome/data/iTAGExperiments/Duckweed/DuciTaplate4/Raw_Data/12267.1.247043.TCTGGAACGCT.fastq.gz,forward
370(3D)_W_t0A,/home/microbiome/data/iTAGExperiments/Duckweed/DuciTaplate4/Raw_Data/12267.1.247043.GCCGCTTAATA.fastq.gz,forward
370(3D)_W_t0B,/home/microbiome/data/iTAGExperiments/Duckweed/DuciTaplate4/Raw_Data/12267.1.247043.TCAGAGGTTAC.fastq.gz,forward
370(3D)_W_t0C,/home/microbiome/data/iTAGExperiments/Duckweed/DuciTaplate4/Raw_Data/12267.1.247043.GTCCAGTAATG.fastq.gz,forward
370(3D)_t2A,/home/microbiome/data/iTAGExperiments/Duckweed/DuciTaplate4/Raw_Data/12267.1.247043.ACGACGTCTTA.fastq.gz,forward
370(3D)_t2B,/home/microbiome/data/iTAGExperiments/Duckweed/DuciTaplate4/Raw_Data/12267.1.247043.AAGTGGACTCT.fastq.gz,forward
370(3D)_t2C,/home/microbiome/data/iTAGExperiments/Duckweed/DuciTaplate4/Raw_Data/12267.1.247043.TAGTCAGGCCA.fastq.gz,forward
370(3D)_W_t2A,/home/microbiome/data/iTAGExperiments/Duckweed/DuciTaplate4/Raw_Data/12267.1.247043.AGGCATCTTAC.fastq.gz,forward
370(3D)_W_t2C,/home/microbiome/data/iTAGExperiments/Duckweed/DuciTaplate4/Raw_Data/12267.1.247043.GGTATGACTCA.fastq.gz,forward
370(3D)_SD_t2A,/home/microbiome/data/iTAGExperiments/Duckweed/DuciTaplate4/Raw_Data/12267.1.247043.GTTACCTCAGA.fastq.gz,forward
370(3D)_SD_t2B,/home/microbiome/data/iTAGExperiments/Duckweed/DuciTaplate4/Raw_Data/12267.1.247043.TCGCATGAAGT.fastq.gz,forward
370(3D)_W_t7A_1,/home/microbiome/data/iTAGExperiments/Duckweed/DuciTaplate4/Raw_Data/12267.1.247043.CGGTACTTGCA.fastq.gz,forward
370(3D)_W_t7B_1,/home/microbiome/data/iTAGExperiments/Duckweed/DuciTaplate4/Raw_Data/12267.1.247043.TCGCTGTAACA.fastq.gz,forward
370(3D)_W_t7C_1,/home/microbiome/data/iTAGExperiments/Duckweed/DuciTaplate4/Raw_Data/12267.1.247043.CTTGTAGGACC.fastq.gz,forward
370(3D)_W_t7A_2,/home/microbiome/data/iTAGExperiments/Duckweed/DuciTaplate4/Raw_Data/12267.1.247043.GTACGAATCCT.fastq.gz,forward
370(3D)_W_t7B_2,/home/microbiome/data/iTAGExperiments/Duckweed/DuciTaplate4/Raw_Data/12267.1.247043.CTCAGTATGCA.fastq.gz,forward
370(3D)_W_t7C_2,/home/microbiome/data/iTAGExperiments/Duckweed/DuciTaplate4/Raw_Data/12267.1.247043.GGTTGCACAAT.fastq.gz,forward
370(5A)_W_t0B,/home/microbiome/data/iTAGExperiments/Duckweed/DuciTaplate4/Raw_Data/12267.1.247043.ATCGGCGTTAC.fastq.gz,forward
370(5A)_t2C,/home/microbiome/data/iTAGExperiments/Duckweed/DuciTaplate4/Raw_Data/12267.1.247043.CCAGATGATCG.fastq.gz,forward
370(5A)_t2D,/home/microbiome/data/iTAGExperiments/Duckweed/DuciTaplate4/Raw_Data/12267.1.247043.ACTGTACGCGT.fastq.gz,forward
370(5A)_W_t2B,/home/microbiome/data/iTAGExperiments/Duckweed/DuciTaplate4/Raw_Data/12267.1.247043.TCCTAGCAGTG.fastq.gz,forward
370(5A)_SD_t2A_1,/home/microbiome/data/iTAGExperiments/Duckweed/DuciTaplate4/Raw_Data/12267.1.247043.AGCGATGCCTT.fastq.gz,forward
370(5A)_SD_t2B_1,/home/microbiome/data/iTAGExperiments/Duckweed/DuciTaplate4/Raw_Data/12267.1.247043.CATCATGAGGC.fastq.gz,forward
370(5A)_SD_t2C_1,/home/microbiome/data/iTAGExperiments/Duckweed/DuciTaplate4/Raw_Data/12267.1.247043.GAAGTCTCGCA.fastq.gz,forward
370(5A)_SD_t2D_1,/home/microbiome/data/iTAGExperiments/Duckweed/DuciTaplate4/Raw_Data/12267.1.247043.GCACGTTCTAA.fastq.gz,forward
370(5A)_W_t7B,/home/microbiome/data/iTAGExperiments/Duckweed/DuciTaplate4/Raw_Data/12267.1.247043.TGCGCGAATAC.fastq.gz,forward
370(5A)_SD_t2A_2,/home/microbiome/data/iTAGExperiments/Duckweed/DuciTaplate4/Raw_Data/12267.1.247043.TCCACAGGAGT.fastq.gz,forward
370(5A)_SD_t2B_2,/home/microbiome/data/iTAGExperiments/Duckweed/DuciTaplate4/Raw_Data/12267.1.247043.ACATCTTGACG.fastq.gz,forward
370(5A)_SD_t2C_2,/home/microbiome/data/iTAGExperiments/Duckweed/DuciTaplate4/Raw_Data/12267.1.247043.CGGACGTTCAT.fastq.gz,forward
370(5A)_SD_t2D_2,/home/microbiome/data/iTAGExperiments/Duckweed/DuciTaplate4/Raw_Data/12267.1.247043.CTCTAAGCATG.fastq.gz,forward
432(-)_W_t0A,/home/microbiome/data/iTAGExperiments/Duckweed/DuciTaplate4/Raw_Data/12267.1.247043.TTCATACGGAC.fastq.gz,forward
432(-)_W_t0B,/home/microbiome/data/iTAGExperiments/Duckweed/DuciTaplate4/Raw_Data/12267.1.247043.CTTCGGCAGAA.fastq.gz,forward
432(-)_t2B,/home/microbiome/data/iTAGExperiments/Duckweed/DuciTaplate4/Raw_Data/12267.1.247043.AGGAGCCTTCT.fastq.gz,forward
